https://www.google.com/aclk?sa=l&ai=DChcSEwi24MbKudL9AhUXj2gJHZXpAjMYABABGgJ3Zg&sig=AOD64_316tIfHfIs4lW5JS69ezRtpiXBOQ&adurl=&q=,0418871269
https://theplumbinggang.com/,1300170559
https://www.fallonplumbers.com/,1300351359
https://asbsplumbing.com.au/,0428101171
https://www.h2coastplumbing.com/general-plumbing-tweed-coast,0450505031
https://dcmplumbing.com.au/,0755765305
https://drewbuilt.construction/plumbing-specialists/,0433126792
https://loganplumbing.net.au/,0732084166
https://www.wyattsplumbingcoomera.com.au/,0415190349
https://www.google.com/aclk?sa=l&ai=DChcSEwjK4fTOudL9AhVS99UKHUTrAXkYABACGgJ3cw&sig=AOD64_2q4o0qzpUjsJ70T-HGvb_VQh5Ibg&adurl=&q=,1300133509
https://nationalplumbingandgas.com.au/brisbane-plumber/,1300668770
https://chambersdraincleaning.com.au/gold-coast-plumbing/,0499106713
https://go.toddsplumbing.com.au/plumbing-electrical,0482080423
https://fallonplumbing-sunshinecoast.com/,1300052335
https://www.waterwiseplumbing.com.au/,0409508388
https://business.google.com/v/impact-plumbing-and-drainage-solutions/04965534471047648771/b68c/_,611800446722
https://business.google.com/v/oceanic-plumbing-and-civil-pty-ltd/09025350250688917743/6ccd/_,61408011165
https://www.northwest.plumbing/,0418868848
https://www.forefrontplumbingservices.com.au/,0414799183
https://gippslandplumbingplus.com/,0400772072
https://www.wurtullaplumbing.com.au/bribie-island/,61754916746
https://sjkcollective.com.au/plumbing/,61738709893
https://titanplumbingandmaintenance.business.site/,61491304166
https://sjplumbingandgas.com.au/,1300600508
https://business.google.com/v/m-glass-plumbing/012916031562115946782/1cc3/_,61431243380
https://www.damienlacey-plumbing.com.au/,0733760177
https://business.google.com/v/plumbologist/017217170779341997845/b0a3/_?,61481393677
https://allianceplumbing.com.au/plumbing-brisbane/,33972030
https://shineplumbingco.com.au/,0447688110
https://tapsrus.com.au/,1300782070
https://hjplumbing.com.au/,61466361530
https://business.google.com/v/on-point-plumbing-co/07075463759049186488/098a/_?,61402564288
https://sunpakhotwater.com.au/domestic-hot-water/,1300982993
https://www.penguinplumbing.com.au/,0417488183
https://www.jrplumbingandgas.com.au/,0741594852
https://www.spbm.com.au/,0746622383
https://www.ajbuildingandrestoration.com.au/restoration-1,1300257253
https://www.bellplumbing.com.au/,0733543300
https://oaplumbing.com.au/contact/,1300161655
https://cheapplumber.net.au/,1800934184
https://intrustgroup.com.au/intrust-plumbing-solutions/,0740492867
https://www.plumbnorth.com.au/general-maintenance-plumbing-cairns.html,0740323891
https://www.roywalkerplumbing.com.au/services.html,0740914700
https://www.cairnslocal.com.au/belrose-plumbing,0740591000
https://www.lcplumbinggas.com/request-a-quote,0447082371
https://www.bonesplumbing.com.au/services/blocked-drains/,61754556557
https://www.goodazplumbing.com.au/,0413743564
https://www.tropicalcoastplumbing.com/yeppoon,0748494518
https://designassistpartners.com.au/plumbers/,61398596600
https://www.findplumbingpro.com/?p1=ARS%20Plumbing,18772936523
https://hodgesplumbingandgas.com.au/,0448235876
https://www.mathiouservices.com.au/plumbing/,1300363423
https://beachtobasin.com.au/,0417632754
https://herveybayplumbingandmaintenance.com.au/,78786384561
https://vacking.com.au/vacuum-excavation/,0417625181
https://www.bathroomrenovatorssunshinecoast-srp.com/planning-your-bathroom/,0488885099
https://business.google.com/v/craftsman-plumbing-gas/010209387517686160694/1362/_,61411433282
https://goldcoastplumbingservices.com.au/,0402849430
https://www.google.com/aclk?sa=L&ai=DChcSEwiG87b0wdL9AhXgBAYAHdW4CJQYABACGgJ3cw&sig=AOD64_0iM3-5Y4wat_ex_Nl8jx2QbjRI1Q&adurl=&q=,61401625931
https://hitplumbing.com.au/,0459919082
https://www.goldcoastplumber.com.au/,0417764361
https://www.megasealed.com.au/,1300658007
https://cyberplumbers.com.au/locations/qld/plumber-brisbane/,1300238336
https://mpwplumbing.com.au/,0403424803
https://business.google.com/v/neuendorf-plumbing-and-gas/08995436881944891349/b246/_,61458233715
https://www.brycetobinplumbing.com.au/,0746353420
https://plumberstoowoomba.com.au/,0742777980
https://gtsplumbers.com.au/,0404734705
https://plumbertoyourdoor.com.au/plumbers-townsville.html,180047586237
http://castletownplumbingandgas.com.au/,0447760799
https://www.harlenplumbing.com.au/,0421437711
https://horizonplumbing.com.au/,0747742018
https://www.convenientplumbing.com.au/,0747288804
https://aquaplumbingservicesqld.com/,0488160487
https://abqplumbing.com.au/,0400933666
https://www.nathanhulmeplumbing.com.au/,0414377335
https://home.plumbingbros.com.au/,1300057829
https://www.countrytocoastplumbing.com/plumbing,0407102529
https://www.macklinplumbing.com/,1300141139
https://malabuearthmoving.com.au/,0455306666
http://www.stylishscapes.com.au/contact/,614364137
https://www.ignitelandscapes.com.au/,0409679502
https://www.gclandscaping.net.au/services/,0404641972
https://www.brookesblooms.com.au/landscape-architect,61731669037
https://www.snelsonmain.com/,0412158833
https://www.mjlandscapesmaintenance.com/,0405988718
https://www.jimsmowing.com.au/service/gardening-services/,131546
https://business.google.com/v/mr-hedgerows/017771727436326275174/dedc/_,61403369376
https://business.google.com/v/fine-garden-care/017302808728482097302/0a29/_,61499197107
https://mrexterior.business.site/,61490378484
https://jamesmowing.com.au/acreage-mowing,0401719914
https://lawnsolutionsaustralia.com.au/get-turf-quotes/,611300883711
https://briscarpentry.com.au/,0411101798
https://redbacklandscaping.com.au/,0732197456
https://northsidebrisbanelandscaping.com.au/,0432208722
https://kalkerupgardens.com/,365102205
https://www.xtremelandworx.com.au/,61412757997
https://www.ablelandscapes.com.au/,0416710499
https://goldenfinchlawns.com.au/quote/,61419029969
https://www.google.com/aclk?sa=l&ai=DChcSEwjbkqWDu9L9AhUUx9UKHfiHAjoYABAGGgJ3cw&sig=AOD64_3wY4li2Wm2raeJ24eucEC7hvhKGQ&adurl=&q=,0421859980
https://environls.com.au/landscape-construction/,611300515665
https://www.aqwaconstructions.com.au/landscape-construction-brisbane/,0414234695
https://business.google.com/v/slice-of-paradise-garden-and-lawncare/011448763909128216535/25ae/_?,61473560610
https://jpdconcreting.com.au/services/earthmoving/,0422235077
http://unbouncepages.com/luxescape-design-offer/,0409336092
https://www.sjlandscapes.com.au/lets-get-started.html,47235742544
https://www.google.com/aclk?sa=l&ai=DChcSEwispZ3pu9L9AhX6j2gJHXOsD0YYABADGgJ3Zg&sig=AOD64_2Nw0vTJA921MroF-X3JV0pW-6AvA&adurl=&q=,0731792310
https://business.google.com/v/nambour-landscape-supplies/08962365333956050724/5f22/_,61753137850
https://rangestoreef.com.au/,0457502682
https://business.google.com/v/crusader-lawn-care/013636364432177138841/2a66/_,61491037527
https://www.bluegumdesign.com.au/,0435127244
https://allgrasssolutions.com.au/,0478751642
http://www.lflgrass.com/about-us,8618058937111
https://blountspringslawn.com/,2059081720
https://polyfabrics.com.au/product-category/drainage-systems/,1300287484
https://jameshomeservices.com.au/lawn-mowing-garden-care/,1800152637
http://www.easyaccessdingohire.com.au/,20170424
https://www.thelandscapingyard.com.au/,0738890200
https://business.google.com/v/1st-choice-property-maintenance/08050523935367030982/8557/_,61418371282
https://www.australiantenders.com.au/horticulture-tenders/,1800934117
https://coochie.com.au/services/lawn-care/,611800290667
https://business.google.com/v/m8s-mowing-service/017223471745603852233/a1ed/_,61409899198
https://www.djkgardenmaintenancebrisbane.com.au/landscaping,0424256082
https://www.invisionlandscape.com.au/,0426509737
https://coastalsyntheticturf.com.au/,0484323548
https://www.greenysearthworks.com.au/,0459305381
https://bedfordgroup.com.au/apg,0882750211
https://www.gladstonegls.com.au/,61749757214
https://the-farm-nursery-llc.business.site/,13378520511
https://www.treesafeaustralia.com.au/residential-services.html,61754728660
https://greenishtreecare.com.au/,61493454504
https://www.lawnsandbeyondpa.com/,7246144904
https://iwanttomowyourlawn.com/no-mow-may,8626666937
https://www.yardsahead.com.au/,1300761793
https://jameshomeservices.com.au/franchisee/steve-lawn-garden-care-upper-coomera/,0400646614
https://peppertreelandscapes.com.au/,0412620870
https://unissondisability.org.au/unisson-works/ground-works,1300266222
https://business.google.com/v/mint-tree-lopping/09825732772151878913/e988/_?,61409039117
https://gardenlifelandscapes.com.au/landscaping-consultation-promotion/,61732780558
https://gardenlifelandscapes.com.au/,0732780558
https://www.brisbanehomelandscaping.com.au/,0418157350
https://foxmowingqld.com.au/,1800369669
https://gmanorthcoast.com.au/commercial-landscaping/,0401446089
https://business.google.com/v/a1-dynamic-ground-maintenance/017984655730826511105/179b/_,61466358276
https://katekfertilizers.com.au/super-grass/,61754861141
https://www.timberlinelandscaping.com/residential-landscaping/outdoor-lighting/,7196381000
https://business.google.com/v/the-grass-king/016060551858477373996/6f30/_?,61438689663
https://coomeralandscapeconstruction.com/,0421881074
https://business.google.com/v/clarks-trade-services/014284599476811124752/e73b/_,61423340760